source_snapshot,source_region,source_position,game_name,tag_line,platform,routing
opgg_kayle_2026_09_26,na,1,Saneryus,TTV,na1,americas
opgg_kayle_2026_09_26,euw,1,混kayle,9967,euw1,europe
opgg_kayle_2026_09_26,kr,1,예비군11,KR2,kr,asia
opgg_kayle_2026_09_26,eune,1,Trushkov,atg,eun1,europe
opgg_kayle_2026_09_26,br,1,kayle eslunfra,tudo,br1,americas
opgg_kayle_2026_09_26,na,2,bear,34753,na1,americas
opgg_kayle_2026_09_26,euw,2,bladee,bnsov,euw1,europe
opgg_kayle_2026_09_26,kr,2,中國天使,謝夜矢,kr,asia
opgg_kayle_2026_09_26,eune,2,kuuki,meow,eun1,europe
opgg_kayle_2026_09_26,br,2,Shukrute,BR1,br1,americas
opgg_kayle_2026_09_26,na,3,Holy Tetra 33 十,Isho,na1,americas
opgg_kayle_2026_09_26,euw,3,SenseyMaster123,EUW2,euw1,europe
opgg_kayle_2026_09_26,kr,3,어제먹은갈비찜,어먹갈,kr,asia
opgg_kayle_2026_09_26,eune,3,hi guys im dzeba,hello,eun1,europe
opgg_kayle_2026_09_26,br,3,Sr yally,BR1,br1,americas
opgg_kayle_2026_09_26,na,4,Kayzoq,NA1,na1,americas
opgg_kayle_2026_09_26,euw,4,EloSlingshot,STUCK,euw1,europe
opgg_kayle_2026_09_26,kr,4,외쳐갓케일,KR1,kr,asia
opgg_kayle_2026_09_26,eune,4,Roeven,42069,eun1,europe
opgg_kayle_2026_09_26,br,4,Flames,Fênix,br1,americas
opgg_kayle_2026_09_26,na,5,Saneryus,TWTCH,na1,americas
opgg_kayle_2026_09_26,euw,5,funnelingthepain,1585,euw1,europe
opgg_kayle_2026_09_26,kr,5,협곡에사는호랑이,KR1,kr,asia
opgg_kayle_2026_09_26,eune,5,cyniCK,Kayle,eun1,europe
opgg_kayle_2026_09_26,br,5,fdzfdgh,br1,br1,americas
opgg_kayle_2026_09_26,na,6,Stepmommy Kayle,3636,na1,americas
opgg_kayle_2026_09_26,euw,6,New president,EUW11,euw1,europe
opgg_kayle_2026_09_26,kr,6,유 자,차 차,kr,asia
opgg_kayle_2026_09_26,eune,6,Gruby,SIGMA,eun1,europe
opgg_kayle_2026_09_26,br,6,creamseth,musha,br1,americas
opgg_kayle_2026_09_26,na,7,Perplexii,4239,na1,americas
opgg_kayle_2026_09_26,euw,7,Astarlight,EUW,euw1,europe
opgg_kayle_2026_09_26,kr,7,좋아해임마,KR2,kr,asia
opgg_kayle_2026_09_26,eune,7,Shrief,shefo,eun1,europe
opgg_kayle_2026_09_26,br,7,Portuga,Br2,br1,americas
opgg_kayle_2026_09_26,na,8,Killer qm,NA1,na1,americas
opgg_kayle_2026_09_26,euw,8,AMPA Tetull,esp,euw1,europe
opgg_kayle_2026_09_26,kr,8,김동앵,KR1,kr,asia
opgg_kayle_2026_09_26,eune,8,Tryndamere,Top22,eun1,europe
opgg_kayle_2026_09_26,br,8,BABA MINHA JÉBA,BABA,br1,americas
opgg_kayle_2026_09_26,na,9,Dynamikz21,NA1,na1,americas
opgg_kayle_2026_09_26,euw,9,6ft3 graycel jfl,bpill,euw1,europe
opgg_kayle_2026_09_26,kr,9,천사인데,Fr6,kr,asia
opgg_kayle_2026_09_26,eune,9,Kayle Kayden,EUNE,eun1,europe
opgg_kayle_2026_09_26,br,9,menor enjoado,CPA,br1,americas
opgg_kayle_2026_09_26,na,10,Stevem,Stvm,na1,americas
opgg_kayle_2026_09_26,euw,10,PissDrawer,7140,euw1,europe
opgg_kayle_2026_09_26,kr,10,미미베베,KR2,kr,asia
opgg_kayle_2026_09_26,eune,10,TwTv EduardRMN,TwTv,eun1,europe
opgg_kayle_2026_09_26,br,10,Sabugo Liso,br1,br1,americas
opgg_kayle_2026_09_26,na,11,IcarusFA,Kayle,na1,americas
opgg_kayle_2026_09_26,euw,11,Pungsäcken,EUW,euw1,europe
opgg_kayle_2026_09_26,kr,11,케석대,KR2,kr,asia
opgg_kayle_2026_09_26,eune,11,DesperateNasus,K R,eun1,europe
opgg_kayle_2026_09_26,br,11,bossman,vice,br1,americas
opgg_kayle_2026_09_26,na,12,Let Kayle Scale,NA1,na1,americas
opgg_kayle_2026_09_26,euw,12,Xenoxic,euw2,euw1,europe
opgg_kayle_2026_09_26,kr,12,Oath Keeper,KR2,kr,asia
opgg_kayle_2026_09_26,eune,12,16AndGG,l2p,eun1,europe
opgg_kayle_2026_09_26,br,12,djzakitor,br1,br1,americas
opgg_kayle_2026_09_26,na,13,Tpilow,00001,na1,americas
opgg_kayle_2026_09_26,euw,13,DesperateNasus,TWTV,euw1,europe
opgg_kayle_2026_09_26,kr,13,나 제우스,2830,kr,asia
opgg_kayle_2026_09_26,eune,13,Ichiro,222,eun1,europe
opgg_kayle_2026_09_26,br,13,quero seu bumbum,001,br1,americas
opgg_kayle_2026_09_26,na,14,Exälted,2323,na1,americas
opgg_kayle_2026_09_26,euw,14,Lyrid,Lyrid,euw1,europe
opgg_kayle_2026_09_26,kr,14,Kayle needs buff,KR3,kr,asia
opgg_kayle_2026_09_26,eune,14,xShadowsx12,EUNE,eun1,europe
opgg_kayle_2026_09_26,br,14,Vimi Rezius,SWG,br1,americas
opgg_kayle_2026_09_26,na,15,S16 is So Fun,real,na1,americas
opgg_kayle_2026_09_26,euw,15,TPT Narumi,42234,euw1,europe
opgg_kayle_2026_09_26,kr,15,슉슉잉,KNR01,kr,asia
opgg_kayle_2026_09_26,eune,15,MegaKacpeross,8249,eun1,europe
opgg_kayle_2026_09_26,br,15,Out is Kayle,br1,br1,americas
opgg_kayle_2026_09_26,na,16,Ascenndedd,Lvl16,na1,americas
opgg_kayle_2026_09_26,euw,16,Sommergluck,EUW,euw1,europe
opgg_kayle_2026_09_26,kr,16,죽기 아니면 살기,0305,kr,asia
opgg_kayle_2026_09_26,eune,16,Oanxea,K4YLE,eun1,europe
opgg_kayle_2026_09_26,br,16,cascu,777,br1,americas
opgg_kayle_2026_09_26,na,17,ThePhilipino,NA1,na1,americas
opgg_kayle_2026_09_26,euw,17,Kayle 1v9,STRM,euw1,europe
opgg_kayle_2026_09_26,kr,17,버티면 이김수고,서렌안함,kr,asia
opgg_kayle_2026_09_26,eune,17,Sunless,Suni,eun1,europe
opgg_kayle_2026_09_26,br,17,zyaofeng,hex,br1,americas
opgg_kayle_2026_09_26,na,18,4oureal,7766,na1,americas
opgg_kayle_2026_09_26,euw,18,Divine Archangel,Pride,euw1,europe
opgg_kayle_2026_09_26,kr,18,Adgenda,KR1,kr,asia
opgg_kayle_2026_09_26,eune,18,fran,EUNE1,eun1,europe
opgg_kayle_2026_09_26,br,18,Psicose,UFU,br1,americas
opgg_kayle_2026_09_26,na,19,SΘMΛΤΙC,KORR,na1,americas
opgg_kayle_2026_09_26,euw,19,Forsaken,Kayle,euw1,europe
opgg_kayle_2026_09_26,kr,19,아기토리,5328,kr,asia
opgg_kayle_2026_09_26,eune,19,LIGMA BOLZZ,kayle,eun1,europe
opgg_kayle_2026_09_26,br,19,Shukrute,lily,br1,americas
opgg_kayle_2026_09_26,na,20,relapsed,1972,na1,americas
opgg_kayle_2026_09_26,euw,20,Zaadkut,ggez,euw1,europe
opgg_kayle_2026_09_26,kr,20,sdkl,KR1,kr,asia
opgg_kayle_2026_09_26,eune,20,Theory,DIFF,eun1,europe
opgg_kayle_2026_09_26,br,20,peixes e varejo,011,br1,americas
opgg_kayle_2026_09_26,na,21,dwoplet,pink,na1,americas
opgg_kayle_2026_09_26,euw,21,Radi2Prospé,TIROU,euw1,europe
opgg_kayle_2026_09_26,kr,21,맞좋남,KR1,kr,asia
opgg_kayle_2026_09_26,eune,21,eindavar,OKO,eun1,europe
opgg_kayle_2026_09_26,br,21,leito e maltrato,123,br1,americas
opgg_kayle_2026_09_26,na,22,Draigoon,slayr,na1,americas
opgg_kayle_2026_09_26,euw,22,KayleSuppNoTroll,1055,euw1,europe
opgg_kayle_2026_09_26,kr,22,어린사랑,KR1,kr,asia
opgg_kayle_2026_09_26,eune,22,synuś,owned,eun1,europe
opgg_kayle_2026_09_26,br,22,creamseth,銀星号,br1,americas
opgg_kayle_2026_09_26,na,23,never streSS,IZAN,na1,americas
opgg_kayle_2026_09_26,euw,23,Radjiv,CHAD,euw1,europe
opgg_kayle_2026_09_26,kr,23,요즘잘자쿨냥이,tft,kr,asia
opgg_kayle_2026_09_26,eune,23,Kutu Ma Kutu,115,eun1,europe
opgg_kayle_2026_09_26,br,23,LuisEduMitozinho,BASED,br1,americas
opgg_kayle_2026_09_26,na,24,You Lose 1v1,NA1,na1,americas
opgg_kayle_2026_09_26,euw,24,Jimzyt,EUW,euw1,europe
opgg_kayle_2026_09_26,kr,24,양말왕 스타킹,KR1,kr,asia
opgg_kayle_2026_09_26,eune,24,i care,11111,eun1,europe
opgg_kayle_2026_09_26,br,24,Lyewul,br1,br1,americas
opgg_kayle_2026_09_26,na,25,TDiddy,5710,na1,americas
opgg_kayle_2026_09_26,euw,25,improve,NoInt,euw1,europe
opgg_kayle_2026_09_26,kr,25,롤하는상현,KR1,kr,asia
opgg_kayle_2026_09_26,eune,25,bug3,swag,eun1,europe
opgg_kayle_2026_09_26,br,25,DEYÁS,Endo,br1,americas
opgg_kayle_2026_09_26,na,26,Cubs,AZ69,na1,americas
opgg_kayle_2026_09_26,euw,26,Soprano Henzo,caca9,euw1,europe
opgg_kayle_2026_09_26,kr,26,케일공주님,KR2,kr,asia
opgg_kayle_2026_09_26,eune,26,GRIIIFFIINN,EUNE,eun1,europe
opgg_kayle_2026_09_26,br,26,the best kayle,br1,br1,americas
opgg_kayle_2026_09_26,na,27,Emma Moonstone,NA1,na1,americas
opgg_kayle_2026_09_26,euw,27,VLADS NOT HOT,EUW,euw1,europe
opgg_kayle_2026_09_26,kr,27,2147483647,mio韩服,kr,asia
opgg_kayle_2026_09_26,eune,27,PożeraczCuppy67,JINX,eun1,europe
opgg_kayle_2026_09_26,br,27,lordferlethe,444,br1,americas
opgg_kayle_2026_09_26,na,28,Assassin King,Soma,na1,americas
opgg_kayle_2026_09_26,euw,28,Izaya,back,euw1,europe
opgg_kayle_2026_09_26,kr,28,k mid,KR1,kr,asia
opgg_kayle_2026_09_26,eune,28,unlike me,km5,eun1,europe
opgg_kayle_2026_09_26,br,28,まいmai,oxo,br1,americas
opgg_kayle_2026_09_26,na,29,lana del rey fan,5829,na1,americas
opgg_kayle_2026_09_26,euw,29,rivauxGuillaumet,6017,euw1,europe
opgg_kayle_2026_09_26,kr,29,aweweawerdsr,KR1,kr,asia
opgg_kayle_2026_09_26,eune,29,Awakening,ThEye,eun1,europe
opgg_kayle_2026_09_26,br,29,Bad Liar,Nav,br1,americas
opgg_kayle_2026_09_26,na,30,Purt,666,na1,americas
opgg_kayle_2026_09_26,euw,30,Sapphirus,chai,euw1,europe
opgg_kayle_2026_09_26,kr,30,요즘잘자쿨냥이,zxc,kr,asia
opgg_kayle_2026_09_26,eune,30,SŠhhhhh,Shhh,eun1,europe
opgg_kayle_2026_09_26,br,30,ohmlatl,tekk,br1,americas
